videos/village/village_cycling_0049_00001_.mp4,1
videos/village/village_cycling_0048_00001_.mp4,1
videos/village/village_cycling_0047_00001_.mp4,1
videos/village/village_cycling_0046_00001_.mp4,1
videos/village/village_cycling_0045_00001_.mp4,1
videos/village/village_cycling_0044_00001_.mp4,1
videos/village/village_cycling_0043_00001_.mp4,1
videos/village/village_cycling_0042_00001_.mp4,1
videos/village/village_cycling_0041_00001_.mp4,1
videos/village/village_cycling_0040_00001_.mp4,1
videos/village/village_cycling_0039_00001_.mp4,1
videos/village/village_cycling_0038_00001_.mp4,1
videos/village/village_cycling_0037_00001_.mp4,1
videos/village/village_cycling_0036_00001_.mp4,1
videos/village/village_cycling_0035_00001_.mp4,1
videos/village/village_cycling_0034_00001_.mp4,1
videos/village/village_cycling_0033_00001_.mp4,1
videos/village/village_cycling_0032_00001_.mp4,1
videos/village/village_cycling_0031_00001_.mp4,1
videos/village/village_cycling_0030_00001_.mp4,1
videos/village/village_cycling_0029_00001_.mp4,1
videos/village/village_cycling_0028_00001_.mp4,1
videos/village/village_cycling_0027_00001_.mp4,1
videos/village/village_cycling_0026_00001_.mp4,1
videos/village/village_cycling_0025_00001_.mp4,1
videos/village/village_cycling_0024_00001_.mp4,1
videos/village/village_cycling_0023_00001_.mp4,1
videos/village/village_cycling_0022_00001_.mp4,1
videos/village/village_cycling_0021_00001_.mp4,1
videos/village/village_cycling_0020_00001_.mp4,1
videos/village/village_cycling_0019_00001_.mp4,1
videos/village/village_cycling_0018_00001_.mp4,1
videos/village/village_cycling_0017_00001_.mp4,1
videos/village/village_cycling_0016_00001_.mp4,1
videos/village/village_cycling_0015_00001_.mp4,1
videos/village/village_cycling_0014_00001_.mp4,1
videos/village/village_cycling_0013_00001_.mp4,1
videos/village/village_cycling_0012_00001_.mp4,1
videos/village/village_cycling_0011_00001_.mp4,1
videos/village/village_cycling_0010_00001_.mp4,1
videos/village/village_cycling_0009_00001_.mp4,1
videos/village/village_cycling_0008_00001_.mp4,1
videos/village/village_cycling_0007_00001_.mp4,1
videos/village/village_cycling_0006_00001_.mp4,1
videos/village/village_cycling_0005_00001_.mp4,1
videos/village/village_cycling_0004_00001_.mp4,1
videos/village/village_cycling_0003_00001_.mp4,1
videos/village/village_cycling_0002_00001_.mp4,1
videos/village/village_cycling_0001_00001_.mp4,1
videos/village/village_cycling_0000_00001_.mp4,1
