cycle_flat500m_seg_0005_00001_.mp4,1
cycle_flat500m_seg_0006_00001_.mp4,1
cycle_flat500m_seg_0007_00001_.mp4,1
cycle_flat500m_seg_0008_00001_.mp4,1
cycle_flat500m_seg_0009_00001_.mp4,1
cycle_flat500m_seg_0010_00001_.mp4,1
cycle_flat500m_seg_0011_00001_.mp4,1
cycle_flat500m_seg_0012_00001_.mp4,1
cycle_flat500m_seg_0013_00001_.mp4,1
cycle_flat500m_seg_0014_00001_.mp4,1
cycle_flat500m_seg_0015_00001_.mp4,1
cycle_flat500m_seg_0016_00001_.mp4,1
cycle_flat500m_seg_0017_00001_.mp4,1
cycle_flat500m_seg_0018_00001_.mp4,1
cycle_flat500m_seg_0019_00001_.mp4,1
cycle_flat500m_seg_0020_00001_.mp4,1
cycle_flat500m_seg_0021_00001_.mp4,1
cycle_flat500m_seg_0022_00001_.mp4,1
cycle_flat500m_seg_0023_00001_.mp4,1
cycle_flat500m_seg_0024_00001_.mp4,1
cycle_flat500m_seg_0025_00001_.mp4,1
cycle_flat500m_seg_0026_00001_.mp4,1
cycle_flat500m_seg_0027_00001_.mp4,1
cycle_flat500m_seg_0028_00001_.mp4,1
cycle_flat500m_seg_0029_00001_.mp4,1
cycle_flat500m_seg_0030_00001_.mp4,1
cycle_flat500m_seg_0031_00001_.mp4,1
cycle_flat500m_seg_0032_00001_.mp4,1
cycle_flat500m_seg_0033_00001_.mp4,1
cycle_flat500m_seg_0034_00001_.mp4,1
cycle_flat500m_seg_0035_00001_.mp4,1
cycle_flat500m_seg_0036_00001_.mp4,1
cycle_flat500m_seg_0037_00001_.mp4,1
cycle_flat500m_seg_0038_00001_.mp4,1
cycle_flat500m_seg_0039_00001_.mp4,1
cycle_flat500m_seg_0040_00001_.mp4,1
cycle_flat500m_seg_0041_00001_.mp4,1
cycle_flat500m_seg_0042_00001_.mp4,1
cycle_flat500m_seg_0043_00001_.mp4,1
cycle_flat500m_seg_0044_00001_.mp4,1
cycle_flat500m_seg_0045_00001_.mp4,1
cycle_flat500m_seg_0046_00001_.mp4,1
cycle_flat500m_seg_0047_00001_.mp4,1
cycle_flat500m_seg_0048_00001_.mp4,1
cycle_flat500m_seg_0049_00001_.mp4,1
