village_cycling_0000_00001_.mp4,1
village_cycling_0001_00001_.mp4,1
village_cycling_0002_00001_.mp4,1
village_cycling_0003_00001_.mp4,1
village_cycling_0004_00001_.mp4,1
village_cycling_0005_00001_.mp4,1
village_cycling_0006_00001_.mp4,1
village_cycling_0007_00001_.mp4,1
village_cycling_0008_00001_.mp4,1
village_cycling_0009_00001_.mp4,1
village_cycling_0010_00001_.mp4,1
village_cycling_0011_00001_.mp4,1
village_cycling_0012_00001_.mp4,1
village_cycling_0013_00001_.mp4,1
village_cycling_0014_00001_.mp4,1
village_cycling_0015_00001_.mp4,1
village_cycling_0016_00001_.mp4,1
village_cycling_0017_00001_.mp4,1
village_cycling_0018_00001_.mp4,1
village_cycling_0019_00001_.mp4,1
village_cycling_0020_00001_.mp4,1
village_cycling_0021_00001_.mp4,1
village_cycling_0022_00001_.mp4,1
village_cycling_0023_00001_.mp4,1
village_cycling_0024_00001_.mp4,1
village_cycling_0025_00001_.mp4,1
village_cycling_0026_00001_.mp4,1
village_cycling_0027_00001_.mp4,1
village_cycling_0028_00001_.mp4,1
village_cycling_0029_00001_.mp4,1
stitch_0029_00001_.mp4,1
village_cycling_0030_00001_.mp4,1
village_cycling_0031_00001_.mp4,1
village_cycling_0032_00001_.mp4,1
village_cycling_0033_00001_.mp4,1
village_cycling_0034_00001_.mp4,1
village_cycling_0035_00001_.mp4,1
village_cycling_0036_00001_.mp4,1
village_cycling_0037_00001_.mp4,1
village_cycling_0038_00001_.mp4,1
village_cycling_0039_00001_.mp4,1
village_cycling_0040_00001_.mp4,1
village_cycling_0041_00001_.mp4,1
village_cycling_0042_00001_.mp4,1
village_cycling_0043_00001_.mp4,1
village_cycling_0044_00001_.mp4,1
village_cycling_0045_00001_.mp4,1
village_cycling_0046_00001_.mp4,1
village_cycling_0047_00001_.mp4,1
village_cycling_0048_00001_.mp4,1
village_cycling_0049_00001_.mp4,1
village_cycling_0050_00001_.mp4,1
village_cycling_0051_00001_.mp4,1
village_cycling_0052_00001_.mp4,1
village_cycling_0053_00001_.mp4,1
village_cycling_0054_00001_.mp4,1
village_cycling_0055_00001_.mp4,1
village_cycling_0056_00001_.mp4,1
village_cycling_0057_00001_.mp4,1
village_cycling_0058_00001_.mp4,1
village_cycling_0059_00001_.mp4,1
stitch_0059_00001_.mp4,1
village_cycling_0060_00001_.mp4,1
village_cycling_0061_00001_.mp4,1
village_cycling_0062_00001_.mp4,1
village_cycling_0063_00001_.mp4,1
village_cycling_0064_00001_.mp4,1
village_cycling_0065_00001_.mp4,1
village_cycling_0066_00001_.mp4,1
village_cycling_0067_00001_.mp4,1
village_cycling_0068_00001_.mp4,1
village_cycling_0069_00001_.mp4,1
village_cycling_0070_00001_.mp4,1
village_cycling_0071_00001_.mp4,1
village_cycling_0072_00001_.mp4,1
village_cycling_0073_00001_.mp4,1
village_cycling_0074_00001_.mp4,1
village_cycling_0075_00001_.mp4,1
village_cycling_0076_00001_.mp4,1
village_cycling_0077_00001_.mp4,1
village_cycling_0078_00001_.mp4,1
village_cycling_0079_00001_.mp4,1
village_cycling_0080_00001_.mp4,1
village_cycling_0081_00001_.mp4,1
village_cycling_0082_00001_.mp4,1
village_cycling_0083_00001_.mp4,1
village_cycling_0084_00001_.mp4,1
village_cycling_0085_00001_.mp4,1
village_cycling_0086_00001_.mp4,1
village_cycling_0087_00001_.mp4,1
village_cycling_0088_00001_.mp4,1
village_cycling_0089_00001_.mp4,1
stitch_0089_00001_.mp4,1
village_cycling_0090_00001_.mp4,1
village_cycling_0091_00001_.mp4,1
village_cycling_0092_00001_.mp4,1
village_cycling_0093_00001_.mp4,1
village_cycling_0094_00001_.mp4,1
village_cycling_0095_00001_.mp4,1
village_cycling_0096_00001_.mp4,1
village_cycling_0097_00001_.mp4,1
village_cycling_0098_00001_.mp4,1
village_cycling_0099_00001_.mp4,1
village_cycling_0100_00001_.mp4,1
village_cycling_0101_00001_.mp4,1
village_cycling_0102_00001_.mp4,1
village_cycling_0103_00001_.mp4,1
village_cycling_0104_00001_.mp4,1
village_cycling_0105_00001_.mp4,1
village_cycling_0106_00001_.mp4,1
village_cycling_0107_00001_.mp4,1
village_cycling_0108_00001_.mp4,1
village_cycling_0109_00001_.mp4,1
village_cycling_0110_00001_.mp4,1
village_cycling_0111_00001_.mp4,1
village_cycling_0112_00001_.mp4,1
village_cycling_0113_00001_.mp4,1
village_cycling_0114_00001_.mp4,1
village_cycling_0115_00001_.mp4,1
village_cycling_0116_00001_.mp4,1
village_cycling_0117_00001_.mp4,1
village_cycling_0118_00001_.mp4,1
village_cycling_0119_00001_.mp4,1
stitch_0119_00001_.mp4,1
village_cycling_0120_00001_.mp4,1
village_cycling_0121_00001_.mp4,1
village_cycling_0122_00001_.mp4,1
village_cycling_0123_00001_.mp4,1
village_cycling_0124_00001_.mp4,1
village_cycling_0125_00001_.mp4,1
village_cycling_0126_00001_.mp4,1
village_cycling_0127_00001_.mp4,1
village_cycling_0128_00001_.mp4,1
village_cycling_0129_00001_.mp4,1
village_cycling_0130_00001_.mp4,1
village_cycling_0131_00001_.mp4,1
village_cycling_0132_00001_.mp4,1
village_cycling_0133_00001_.mp4,1
village_cycling_0134_00001_.mp4,1
village_cycling_0135_00001_.mp4,1
village_cycling_0136_00001_.mp4,1
village_cycling_0137_00001_.mp4,1
village_cycling_0138_00001_.mp4,1
village_cycling_0139_00001_.mp4,1
village_cycling_0140_00001_.mp4,1
village_cycling_0141_00001_.mp4,1
village_cycling_0142_00001_.mp4,1
village_cycling_0143_00001_.mp4,1
village_cycling_0144_00001_.mp4,1
village_cycling_0145_00001_.mp4,1
village_cycling_0146_00001_.mp4,1
village_cycling_0147_00001_.mp4,1
village_cycling_0148_00001_.mp4,1
village_cycling_0149_00001_.mp4,1
stitch_0149_00001_.mp4,1
village_cycling_0150_00001_.mp4,1
village_cycling_0151_00001_.mp4,1
village_cycling_0152_00001_.mp4,1
village_cycling_0153_00001_.mp4,1
village_cycling_0154_00001_.mp4,1
village_cycling_0155_00001_.mp4,1
village_cycling_0156_00001_.mp4,1
village_cycling_0157_00001_.mp4,1
village_cycling_0158_00001_.mp4,1
village_cycling_0159_00001_.mp4,1
village_cycling_0160_00001_.mp4,1
village_cycling_0161_00001_.mp4,1
village_cycling_0162_00001_.mp4,1
village_cycling_0163_00001_.mp4,1
village_cycling_0164_00001_.mp4,1
village_cycling_0165_00001_.mp4,1
village_cycling_0166_00001_.mp4,1
village_cycling_0167_00001_.mp4,1
village_cycling_0168_00001_.mp4,1
village_cycling_0169_00001_.mp4,1
village_cycling_0170_00001_.mp4,1
village_cycling_0171_00001_.mp4,1
village_cycling_0172_00001_.mp4,1
village_cycling_0173_00001_.mp4,1
village_cycling_0174_00001_.mp4,1
village_cycling_0175_00001_.mp4,1
village_cycling_0176_00001_.mp4,1
village_cycling_0177_00001_.mp4,1
village_cycling_0178_00001_.mp4,1
village_cycling_0179_00001_.mp4,1
stitch_0179_00001_.mp4,1
village_cycling_0180_00001_.mp4,1
village_cycling_0181_00001_.mp4,1
village_cycling_0182_00001_.mp4,1
village_cycling_0183_00001_.mp4,1
village_cycling_0184_00001_.mp4,1
village_cycling_0185_00001_.mp4,1
village_cycling_0186_00001_.mp4,1
village_cycling_0187_00001_.mp4,1
village_cycling_0188_00001_.mp4,1
village_cycling_0189_00001_.mp4,1
village_cycling_0190_00001_.mp4,1
village_cycling_0191_00001_.mp4,1
village_cycling_0192_00001_.mp4,1
village_cycling_0193_00001_.mp4,1
village_cycling_0194_00001_.mp4,1
village_cycling_0195_00001_.mp4,1
village_cycling_0196_00001_.mp4,1
village_cycling_0197_00001_.mp4,1
village_cycling_0198_00001_.mp4,1
village_cycling_0199_00001_.mp4,1
village_cycling_0200_00001_.mp4,1
village_cycling_0201_00001_.mp4,1
village_cycling_0202_00001_.mp4,1
village_cycling_0203_00001_.mp4,1
village_cycling_0204_00001_.mp4,1
village_cycling_0205_00001_.mp4,1
village_cycling_0206_00001_.mp4,1
village_cycling_0207_00001_.mp4,1
village_cycling_0208_00001_.mp4,1
village_cycling_0209_00001_.mp4,1
stitch_0209_00001_.mp4,1
village_cycling_0210_00001_.mp4,1
village_cycling_0211_00001_.mp4,1
village_cycling_0212_00001_.mp4,1
village_cycling_0213_00001_.mp4,1
village_cycling_0214_00001_.mp4,1
village_cycling_0215_00001_.mp4,1
village_cycling_0216_00001_.mp4,1
village_cycling_0217_00001_.mp4,1
village_cycling_0218_00001_.mp4,1
village_cycling_0219_00001_.mp4,1
village_cycling_0220_00001_.mp4,1
village_cycling_0221_00001_.mp4,1
village_cycling_0222_00001_.mp4,1
village_cycling_0223_00001_.mp4,1
village_cycling_0224_00001_.mp4,1
village_cycling_0225_00001_.mp4,1
village_cycling_0226_00001_.mp4,1
village_cycling_0227_00001_.mp4,1
village_cycling_0228_00001_.mp4,1
village_cycling_0229_00001_.mp4,1
village_cycling_0230_00001_.mp4,1
village_cycling_0231_00001_.mp4,1
village_cycling_0232_00001_.mp4,1
village_cycling_0233_00001_.mp4,1
village_cycling_0234_00001_.mp4,1
village_cycling_0235_00001_.mp4,1
village_cycling_0236_00001_.mp4,1
village_cycling_0237_00001_.mp4,1
village_cycling_0238_00001_.mp4,1
village_cycling_0239_00001_.mp4,1
stitch_0239_00001_.mp4,1
